time_utc,side,signal_time_utc,price,quantity,fee_usdt
2026-09-22T16:25:00+00:00,buy,2026-09-22T16:24:00+00:00,86277.51719999999,0.001157892613767749,0.09990009990009992
2026-09-22T16:30:00+00:00,sell,2026-09-22T16:29:00+00:00,86056.95000000001,0.001157892613767749,0.0996447067683805
2026-09-22T16:35:00+00:00,buy,2026-09-22T16:34:00+00:00,86205.4812,0.0011535880904654933,0.09944561644516697
2026-09-22T16:45:00+00:00,sell,2026-09-22T16:44:00+00:00,86191.68260000001,0.0011535880904654933,0.0994296985445419
2026-09-22T16:50:00+00:00,buy,2026-09-22T16:49:00+00:00,86443.70025,0.001147926772236814,0.09923103780818918
2026-09-22T16:57:00+00:00,sell,2026-09-22T16:56:00+00:00,86469.84345000001,0.001147926772236814,0.09926104828738114
2026-09-22T17:25:00+00:00,buy,2026-09-22T17:24:00+00:00,86543.25,0.0011446614786777617,0.0990627245145792
2026-09-22T17:32:00+00:00,sell,2026-09-22T17:31:00+00:00,86568.99385000001,0.0011446614786777617,0.09909219250798706
2026-09-22T17:54:00+00:00,buy,2026-09-22T17:53:00+00:00,86557.55715,0.0011425253827114243,0.09889420610936972
2026-09-22T18:02:00+00:00,sell,2026-09-22T18:01:00+00:00,86526.1153,0.0011425253827114243,0.09885828299766533
2026-09-22T18:16:00+00:00,buy,2026-09-22T18:15:00+00:00,86636.79675,0.0011387859160515068,0.09866076395071696
2026-09-22T18:22:00+00:00,sell,2026-09-22T18:21:00+00:00,86439.5586,0.0011387859160515068,0.0984361519233889
2026-09-22T18:38:00+00:00,buy,2026-09-22T18:37:00+00:00,86392.9749,0.0011371234340394308,0.09823947629517035
2026-09-22T18:45:00+00:00,sell,2026-09-22T18:44:00+00:00,86366.5951,0.0011371234340394308,0.09820947920640508
2026-09-22T19:12:00+00:00,buy,2026-09-22T19:11:00+00:00,86563.96035,0.0011322640054179079,0.09801325647072795
2026-09-22T19:14:00+00:00,sell,2026-09-22T19:13:00+00:00,86438.759,0.0011322640054179079,0.09787149548869324
2026-09-22T19:17:00+00:00,buy,2026-09-22T19:16:00+00:00,86614.48559999999,0.0011277091512872696,0.09767594804515942
2026-09-22T19:18:00+00:00,sell,2026-09-22T19:17:00+00:00,86484.3362,0.0011277091512872696,0.0975291773757449
2026-09-22T19:19:00+00:00,buy,2026-09-22T19:18:00+00:00,86583.6702,0.001124164795274348,0.09733431388448467
2026-09-22T19:22:00+00:00,sell,2026-09-22T19:21:00+00:00,86434.761,0.001124164795274348,0.0971669154041522
2026-09-22T19:28:00+00:00,buy,2026-09-22T19:27:00+00:00,86610.38355,0.0011196437625409293,0.096972775713035
2026-09-22T19:31:00+00:00,sell,2026-09-22T19:30:00+00:00,86440.55810000001,0.0011196437625409293,0.09678263170722182
2026-09-22T20:04:00+00:00,buy,2026-09-22T20:03:00+00:00,86284.22055,0.0011194313305493363,0.09658925981569888
2026-09-22T20:11:00+00:00,sell,2026-09-22T20:10:00+00:00,86205.47570000001,0.0011194313305493363,0.09650111036348949
2026-09-22T20:21:00+00:00,buy,2026-09-22T20:20:00+00:00,86310.23355,0.0011158387249222527,0.09630830095217384
2026-09-22T20:29:00+00:00,sell,2026-09-22T20:28:00+00:00,86260.14835,0.0011158387249222527,0.09625241394646837
2026-09-22T20:37:00+00:00,buy,2026-09-22T20:36:00+00:00,86401.17899999999,0.0011117915582042094,0.0960601014310908
2026-09-22T20:44:00+00:00,sell,2026-09-22T20:43:00+00:00,86289.0339,0.0011117915582042094,0.09593541945561684
2026-09-22T21:02:00+00:00,buy,2026-09-22T21:01:00+00:00,86359.55819999998,0.0011086640817931535,0.09574374029586538
2026-09-22T21:07:00+00:00,sell,2026-09-22T21:06:00+00:00,86219.36875000001,0.0011086640817931535,0.09558831728800408
2026-09-22T21:29:00+00:00,buy,2026-09-22T21:28:00+00:00,86307.63225,0.0011053174458864501,0.09539733163907702
2026-09-22T21:38:00+00:00,sell,2026-09-22T21:37:00+00:00,86224.56615,0.0011053174458864501,0.09530551722958526
2026-09-22T21:48:00+00:00,buy,2026-09-22T21:47:00+00:00,86343.04994999999,0.0011015952838221456,0.09511509661573993
2026-09-22T21:54:00+00:00,sell,2026-09-22T21:53:00+00:00,86206.0754,0.0011015952838221456,0.09496420609745629
2026-09-22T22:18:00+00:00,buy,2026-09-22T22:17:00+00:00,86180.0685,0.0010997260628069112,0.09477446742393492
2026-09-22T22:25:00+00:00,sell,2026-09-22T22:24:00+00:00,86139.00895000002,0.0010997260628069112,0.09472931316667281
2026-09-22T22:35:00+00:00,buy,2026-09-22T22:34:00+00:00,86264.01044999999,0.0010959384257296198,0.09454004380969645
2026-09-22T22:41:00+00:00,sell,2026-09-22T22:40:00+00:00,86206.875,0.0010959384257296198,0.09447742687457011
2026-09-22T22:42:00+00:00,buy,2026-09-22T22:41:00+00:00,86318.7378,0.0010923313198273926,0.09428866078690865
2026-09-22T22:45:00+00:00,sell,2026-09-22T22:44:00+00:00,86184.58615,0.0010923313198273926,0.09414212273800714
2026-09-22T23:04:00+00:00,buy,2026-09-22T23:03:00+00:00,86269.3131,0.0010890781810186973,0.09395402658868046
2026-09-22T23:13:00+00:00,sell,2026-09-22T23:12:00+00:00,86340.10835000001,0.0010890781810186973,0.09403112815077525
2026-09-22T23:46:00+00:00,buy,2026-09-22T23:45:00+00:00,86232.4947,0.001088258597821311,0.09384325376885563
2026-09-22T23:52:00+00:00,sell,2026-09-22T23:51:00+00:00,86147.1049,0.001088258597821311,0.0937503275848394
2026-09-23T00:04:00+00:00,buy,2026-09-23T00:03:00+00:00,86305.53119999998,0.001084090590047971,0.09356301424301156
2026-09-23T00:06:00+00:00,sell,2026-09-23T00:05:00+00:00,86119.01895000001,0.001084090590047971,0.09336081806785791
2026-09-23T00:07:00+00:00,buy,2026-09-23T00:06:00+00:00,86287.7223,0.0010798092762592626,0.09317428296682323
2026-09-23T00:08:00+00:00,sell,2026-09-23T00:07:00+00:00,86127.1149,0.0010798092762592626,0.09300085760646735
2026-09-23T00:11:00+00:00,buy,2026-09-23T00:10:00+00:00,86291.124,0.0010756035778042912,0.09281504170715374
2026-09-23T00:19:00+00:00,sell,2026-09-23T00:18:00+00:00,86368.9939,0.0010756035778042912,0.09289879885019701
2026-09-23T00:20:00+00:00,buy,2026-09-23T00:19:00+00:00,86564.76075,0.0010710268943298887,0.09271318686448235
2026-09-23T00:21:00+00:00,sell,2026-09-23T00:20:00+00:00,86426.66505,0.0010710268943298887,0.09256528265579103
2026-09-23T01:03:00+00:00,buy,2026-09-23T01:02:00+00:00,86645.7012,0.0010661848857667175,0.09238033703609913
2026-09-23T01:10:00+00:00,sell,2026-09-23T01:09:00+00:00,86575.79045000001,0.0010661848857667175,0.09230579925109654
2026-09-23T01:56:00+00:00,buy,2026-09-23T01:55:00+00:00,86288.3226,0.0010675995233654673,0.09212137207976567
2026-09-23T02:05:00+00:00,sell,2026-09-23T02:04:00+00:00,86311.0229,0.0010675995233654673,0.09214560690922594
2026-09-23T02:16:00+00:00,buy,2026-09-23T02:15:00+00:00,86433.19499999999,0.0010639604356001673,0.0919614998025142
2026-09-23T02:27:00+00:00,sell,2026-09-23T02:26:00+00:00,86534.9109,0.0010639604356001673,0.09206972149578567
2026-09-23T02:59:00+00:00,buy,2026-09-23T02:58:00+00:00,86588.37255,0.0010611790394284481,0.0918857660082816
2026-09-23T03:04:00+00:00,sell,2026-09-23T03:03:00+00:00,86422.26725,0.0010611790394284481,0.09170949854558365
2026-09-23T03:12:00+00:00,buy,2026-09-23T03:11:00+00:00,86525.64119999998,0.0010577935224160332,0.09152626278425384
2026-09-23T03:13:00+00:00,sell,2026-09-23T03:12:00+00:00,86428.86395000001,0.0010577935224160332,0.09142389243608662
2026-09-23T03:14:00+00:00,buy,2026-09-23T03:13:00+00:00,86564.8608,0.0010540215333695103,0.0912412273163342
2026-09-23T03:27:00+00:00,sell,2026-09-23T03:26:00+00:00,86639.45860000001,0.0010540215333695103,0.09131985500387621
2026-09-23T03:38:00+00:00,buy,2026-09-23T03:37:00+00:00,86824.69065,0.001049671436417853,0.09113739775112124
2026-09-23T03:46:00+00:00,sell,2026-09-23T03:45:00+00:00,86771.7924,0.001049671436417853,0.09108187196905974
2026-09-23T04:09:00+00:00,buy,2026-09-23T04:08:00+00:00,86787.67215,0.0010473825136106476,0.0908998902068838
2026-09-23T04:17:00+00:00,sell,2026-09-23T04:16:00+00:00,86789.18370000001,0.0010473825136106476,0.09090147337792226
2026-09-23T04:23:00+00:00,buy,2026-09-23T04:22:00+00:00,87035.19584999999,0.0010423352434208587,0.09071985205249185
2026-09-23T04:29:00+00:00,sell,2026-09-23T04:28:00+00:00,87068.74385000001,0.0010423352434208587,0.09075482031523817
2026-09-23T05:17:00+00:00,buy,2026-09-23T05:16:00+00:00,87012.98474999999,0.0010409192635231377,0.09057349200292
2026-09-23T05:20:00+00:00,sell,2026-09-23T05:19:00+00:00,86837.5595,0.0010409192635231377,0.09039088848088667
2026-09-23T05:36:00+00:00,buy,2026-09-23T05:35:00+00:00,86831.69415,0.0010389096767968644,0.09021028730510068
2026-09-23T05:46:00+00:00,sell,2026-09-23T05:45:00+00:00,86729.91335,0.0010389096767968644,0.09010454624706855
2026-09-23T06:04:00+00:00,buy,2026-09-23T06:03:00+00:00,86606.98185,0.0010383056338273478,0.08992451718363786
2026-09-23T06:11:00+00:00,sell,2026-09-23T06:10:00+00:00,86502.02735,0.0010383056338273478,0.08981554233499234
2026-09-23T06:36:00+00:00,buy,2026-09-23T06:35:00+00:00,86538.2475,0.001035797387761468,0.0896360907019554
2026-09-23T06:44:00+00:00,sell,2026-09-23T06:43:00+00:00,86512.22225,0.001035797387761468,0.08960913381598956
2026-09-23T07:12:00+00:00,buy,2026-09-23T07:11:00+00:00,86471.71424999999,0.0010342121162191025,0.08943009458758601
2026-09-23T07:20:00+00:00,sell,2026-09-23T07:19:00+00:00,86345.30575,0.0010342121162191025,0.08929936138529294
2026-09-23T07:21:00+00:00,buy,2026-09-23T07:20:00+00:00,86485.0209,0.0010304783435951606,0.08912094108282485
2026-09-23T07:23:00+00:00,sell,2026-09-23T07:22:00+00:00,86378.28925,0.0010304783435951606,0.08901095642892366
2026-09-23T07:30:00+00:00,buy,2026-09-23T07:29:00+00:00,86470.11344999999,0.0010273273483271303,0.08883311236013462
2026-09-23T07:33:00+00:00,sell,2026-09-23T07:32:00+00:00,86296.53015,0.0010273273483271303,0.08865478548883177
2026-09-23T07:51:00+00:00,buy,2026-09-23T07:50:00+00:00,86209.48319999999,0.001026309980829263,0.08847765305029266
2026-09-23T07:58:00+00:00,sell,2026-09-23T07:57:00+00:00,86119.1189,0.001026309980829263,0.08838491126729203
2026-09-23T08:03:00+00:00,buy,2026-09-23T08:02:00+00:00,86269.113,0.001022478555424428,0.08820831803798675
2026-09-23T08:06:00+00:00,sell,2026-09-23T08:05:00+00:00,86079.63865000001,0.001022478555424428,0.08801458457830877
2026-09-23T08:11:00+00:00,buy,2026-09-23T08:10:00+00:00,86256.7068,0.0010183408864209967,0.08783873126246802
2026-09-23T08:21:00+00:00,sell,2026-09-23T08:20:00+00:00,86214.6711,0.0010183408864209967,0.08779592459046869
2026-09-23T08:40:00+00:00,buy,2026-09-23T08:39:00+00:00,86260.70880000001,0.0010157638324172975,0.0876205081577205
2026-09-23T08:44:00+00:00,sell,2026-09-23T08:43:00+00:00,86061.54770000001,0.0010157638324172975,0.08741820751551606
2026-09-23T08:59:00+00:00,buy,2026-09-23T08:58:00+00:00,85963.1601,0.0010148945857824314,0.08724354576223833
2026-09-23T09:06:00+00:00,sell,2026-09-23T09:05:00+00:00,85872.2424,0.0010148945857824314,0.08715127388075655
2026-09-23T09:23:00+00:00,buy,2026-09-23T09:22:00+00:00,86015.9865,0.001011174189828241,0.08697714546141441
2026-09-23T09:29:00+00:00,sell,2026-09-23T09:28:00+00:00,85867.14495000002,0.001011174189828241,0.0868266407276804
2026-09-23T09:47:00+00:00,buy,2026-09-23T09:46:00+00:00,85860.20865,0.0010092353872474162,0.08665316092602672
2026-09-23T09:53:00+00:00,sell,2026-09-23T09:52:00+00:00,85769.6937,0.0010092353872474162,0.08656181003541179
2026-09-23T09:57:00+00:00,buy,2026-09-23T09:56:00+00:00,85943.45025,0.0010051825836025286,0.08638885936601039
2026-09-23T10:05:00+00:00,sell,2026-09-23T10:04:00+00:00,85837.95955,0.0010051825836025286,0.08628282195163835
2026-09-23T10:30:00+00:00,buy,2026-09-23T10:29:00+00:00,85842.9,0.0010031164918820978,0.08611042870098574
2026-09-23T10:43:00+00:00,sell,2026-09-23T10:42:00+00:00,85820.2684,0.0010031164918820978,0.08608772656978807
2026-09-23T10:59:00+00:00,buy,2026-09-23T10:58:00+00:00,85951.35419999999,0.0009995854506280506,0.08591572312009818
2026-09-23T11:03:00+00:00,sell,2026-09-23T11:02:00+00:00,85802.0775,0.0009995854506280506,0.08576650830266043
2026-09-23T11:33:00+00:00,buy,2026-09-23T11:32:00+00:00,85616.38680000001,0.0009997519148718626,0.08559514664771006
2026-09-23T11:38:00+00:00,sell,2026-09-23T11:37:00+00:00,85445.75575000001,0.0009997519148718626,0.08542455792873598
2026-09-23T11:43:00+00:00,buy,2026-09-23T11:42:00+00:00,85547.7525,0.0009965648073725366,0.08525387949131594
2026-09-23T11:53:00+00:00,sell,2026-09-23T11:52:00+00:00,85625.3659,0.0009965648073725366,0.08533122627433648
2026-09-23T12:25:00+00:00,buy,2026-09-23T12:24:00+00:00,85552.25475,0.0009954236105477795,0.0851607343137484
2026-09-23T12:32:00+00:00,sell,2026-09-23T12:31:00+00:00,85505.6258,0.0009954236105477795,0.08511431875598337
2026-09-23T12:33:00+00:00,buy,2026-09-23T12:32:00+00:00,85624.69094999999,0.0009920533345533827,0.08494426017705034
2026-09-23T12:34:00+00:00,sell,2026-09-23T12:33:00+00:00,85493.13205,0.0009920533345533827,0.08481374673161518
2026-09-23T12:49:00+00:00,buy,2026-09-23T12:48:00+00:00,85602.3798,0.0009888076580808725,0.08464428869618738
2026-09-23T12:51:00+00:00,sell,2026-09-23T12:50:00+00:00,85424.16655,0.0009888076580808725,0.08446807006981591
2026-09-23T12:59:00+00:00,buy,2026-09-23T12:58:00+00:00,85531.04415,0.0009855988961061813,0.08429930269704906
2026-09-23T13:03:00+00:00,sell,2026-09-23T13:02:00+00:00,85409.37395000001,0.0009855988961061813,0.08417938468224004
2026-09-23T13:16:00+00:00,buy,2026-09-23T13:15:00+00:00,85469.01315,0.0009829433031596242,0.08401119410345435
2026-09-23T13:23:00+00:00,sell,2026-09-23T13:22:00+00:00,85422.96715,0.0009829433031596242,0.08396593349611706
2026-09-23T13:29:00+00:00,buy,2026-09-23T13:28:00+00:00,85612.78499999999,0.0009788043852705848,0.08379816939322772
2026-09-23T13:36:00+00:00,sell,2026-09-23T13:35:00+00:00,85508.12455,0.0009788043852705848,0.08369572728580335
2026-09-23T13:41:00+00:00,buy,2026-09-23T13:40:00+00:00,85897.92749999999,0.0009724158135883093,0.0835285030554621
2026-09-23T13:44:00+00:00,sell,2026-09-23T13:43:00+00:00,85785.98555,0.0009724158135883093,0.0834196489330782
2026-09-23T13:59:00+00:00,buy,2026-09-23T13:58:00+00:00,85820.889,0.0009700782324433541,0.08325297630783729
2026-09-23T14:04:00+00:00,sell,2026-09-23T14:03:00+00:00,85696.23045000002,0.0009700782324433541,0.08313204776199436
2026-09-23T14:32:00+00:00,buy,2026-09-23T14:31:00+00:00,84077.11755,0.0009867839452884276,0.08296594976446789
